{
    "CH00 0000 0000 3454 0000 0": 150,
    "CH00 0000 0000 2345 0000 0": 99990,
    "CH00 0000 0000 2365 0000 0": 0,
    "CH00 0000 0000 0000 0000 0000 1": 550,
    "CH00 0000 0000 0000 0000 1113 1": 1007.3055555555555,
    "CH00 0000 0000 0000 0000 0000 2": 70000,
    "CH00 0000 0000 0000 0000 9463 1": -2040.0,
    "CH00 0000 0000 0000 0000 8713 1": 1007.3055555555555,
    "CH00 0000 0000 0000 0000 4446 1": 12131.98073018362,
    "CH00 0000 0000 0000 0000 5657 1": 0,
    "CH34 2345 3395 9727 1755 6": 3200,
    "CH34 2345 3871 1878 1276 4": 2400,
    "CH34 2345 3756 9521 4549 7": 4000,
    "CH34 2345 3728 3847 4624 3": 27000,
    "CH34 2345 3728 2739 1065 2": 1300,
    "CH34 2345 3424 6524 6226 3": 400,
    "CH34 2345 3696 7841 4921 5": 500,
    "CH34 2345 3317 6791 1613 4": 1200,
    "CH34 2345 3874 3447 7493 3": 55340,
    "CH34 2345 3787 5968 3943 6": -20400.0
}